,u1_id,u2_id,u1_willing,u2_willing,similarity
0,1,3700,1,0,10
1,2,1041,1,0,9
2,3,1442,0,0,9
3,4,861,0,1,7
4,5,801,1,1,5
5,6,2315,0,1,8
6,7,297,0,0,10
7,8,1352,1,0,9
8,9,875,0,0,10
9,10,3707,0,1,11
10,11,1334,0,0,5
11,12,782,0,0,11
12,13,965,1,0,5
13,15,3608,1,0,10
14,9,16,1,1,13
15,17,127,0,0,11
16,18,2602,0,1,5
17,19,2592,0,0,4
18,20,3682,0,0,10
19,21,283,1,0,8
20,22,2394,1,0,9
21,23,3418,1,0,12
22,24,3562,1,0,14
23,25,50,1,0,6
24,26,1911,0,0,9
25,27,900,0,0,9
26,28,3746,0,1,4
27,28,29,0,1,2
28,30,2183,0,0,10
29,31,120,0,0,5
30,32,2131,0,0,3
31,34,1335,0,0,8
32,35,2186,0,0,12
33,36,2522,1,0,9
34,37,1797,0,1,7
35,38,328,0,0,8
36,39,215,0,0,10
37,40,66,0,1,7
38,41,873,0,0,8
39,42,1383,0,0,11
40,43,2425,1,0,10
41,44,1976,0,0,12
42,45,978,0,0,10
43,47,1731,0,1,6
44,48,623,0,1,12
45,49,3828,1,0,11
46,51,3055,1,0,10
47,52,1658,0,0,10
48,53,2157,0,0,4
49,54,3645,0,0,5
50,55,1358,1,0,10
51,56,146,0,0,11
52,17,57,1,0,10
53,58,83,1,1,8
54,19,59,0,0,11
55,60,1686,0,0,4
56,61,3551,0,0,9
57,15,62,1,0,14
58,63,1209,0,1,7
59,64,2975,0,0,12
60,65,226,0,0,5
61,67,2698,0,1,14
62,68,73,0,1,8
63,69,579,0,0,2
64,70,661,0,0,9
65,71,920,0,0,1
66,72,85,1,1,7
67,74,1636,0,1,9
68,75,547,1,0,5
69,76,2531,0,0,10
70,77,3366,0,0,9
71,78,304,0,0,10
72,79,2980,1,0,9
73,80,813,0,0,11
74,81,3802,0,0,6
75,82,188,0,0,8
76,83,3022,0,1,12
77,84,859,0,0,7
78,86,2155,0,0,15
79,87,226,0,0,9
80,85,88,1,1,3
81,89,3680,0,0,12
82,90,2331,0,1,8
83,91,2531,0,0,9
84,50,92,0,0,2
85,93,2276,0,1,11
86,94,3203,1,0,6
87,95,3852,0,0,9
88,96,264,1,1,6
89,97,1002,0,0,9
90,98,1320,0,0,9
91,99,613,1,1,10
92,100,819,0,1,13
93,101,2748,0,0,5
94,102,3322,1,0,9
95,103,2093,1,0,9
96,104,118,0,1,10
97,105,2798,0,0,10
98,106,2983,0,0,11
99,107,1393,0,0,9
100,108,605,1,0,8
101,109,558,1,0,9
102,110,3378,0,0,7
103,111,1368,1,0,3
104,112,1538,1,0,7
105,113,1003,0,1,8
106,114,290,1,1,12
107,115,1916,0,0,7
108,116,2540,0,0,8
109,117,3138,1,0,12
110,118,1091,1,1,9
111,119,2926,0,0,11
112,121,548,0,0,2
113,122,764,1,0,0
114,123,2872,0,1,11
115,125,3731,0,0,6
116,126,1508,0,0,1
117,127,1313,0,1,10
118,128,1839,1,1,8
119,129,1673,0,0,9
120,130,437,0,0,7
121,41,131,0,0,11
122,132,2112,0,0,8
123,133,1689,1,1,3
124,134,2687,0,1,11
125,135,3673,0,0,6
126,136,877,1,0,7
127,137,715,0,0,5
128,138,2512,0,0,8
129,139,658,1,1,6
130,140,1253,0,1,6
131,141,1940,0,0,11
132,142,3257,0,0,8
133,143,881,0,0,8
134,145,2926,0,1,6
135,146,503,1,0,6
136,147,2111,0,0,6
137,148,3639,1,1,8
138,149,1445,0,0,12
139,150,172,0,1,7
140,151,3775,0,0,3
141,152,1039,1,0,8
142,153,2944,0,0,10
143,154,355,0,0,11
144,155,1059,1,0,8
145,156,2748,0,0,7
146,157,513,0,1,8
147,158,236,0,0,11
148,159,2979,1,0,9
149,161,1097,1,0,7
150,162,532,0,0,9
151,164,237,0,0,6
152,142,165,0,0,10
153,167,842,0,0,9
154,107,168,0,0,5
155,169,1872,0,1,12
156,170,247,0,1,9
157,171,329,0,0,9
158,173,3549,1,0,13
159,174,217,0,0,1
160,175,3536,0,0,10
161,176,191,0,1,12
162,178,461,0,0,1
163,179,220,1,0,4
164,21,180,1,0,8
165,181,461,0,0,7
166,182,496,1,1,7
167,183,1619,0,1,8
168,184,1339,0,0,5
169,185,1209,1,0,10
170,186,495,1,0,12
171,149,187,0,1,10
172,189,1470,0,0,8
173,190,853,0,0,13
174,191,1851,0,0,10
175,192,3251,1,0,8
176,193,1246,1,0,11
177,194,2349,1,0,5
178,195,1400,0,0,8
179,196,3694,1,1,11
180,197,324,1,1,16
181,199,1229,0,1,10
182,200,3845,1,0,13
183,201,880,0,0,10
184,202,244,1,0,11
185,203,1625,1,1,1
186,204,255,0,0,11
187,66,205,1,0,9
188,206,861,1,0,7
189,207,3388,0,0,12
190,172,208,0,0,4
191,209,1937,0,1,1
192,210,713,1,0,12
193,211,496,0,0,8
194,212,3087,0,1,6
195,213,968,0,1,8
196,214,568,1,0,3
197,215,2576,0,0,9
198,216,785,0,0,12
199,217,460,1,0,0
200,218,3088,0,0,10
201,219,3212,0,0,0
202,145,222,0,0,9
203,62,223,0,1,6
204,224,594,1,0,12
205,201,225,0,0,8
206,226,2711,0,1,11
207,227,3343,0,1,7
208,228,3295,1,0,11
209,229,3042,1,1,7
210,230,3365,0,0,10
211,231,1566,0,1,9
212,232,2527,0,0,9
213,233,3727,0,0,11
214,234,1181,0,1,9
215,235,636,1,0,9
216,236,252,0,1,5
217,238,1549,1,0,2
218,239,735,0,1,12
219,240,1090,0,0,3
220,183,241,0,1,11
221,64,242,0,0,8
222,235,243,1,0,13
223,245,2519,0,0,6
224,246,2262,0,0,9
225,247,1771,0,0,10
226,232,248,0,1,10
227,249,784,0,1,13
228,250,1934,0,0,7
229,251,3241,1,1,4
230,253,1243,0,0,15
231,254,2412,1,0,13
232,256,526,0,1,5
233,257,3798,1,0,4
234,258,1492,1,0,7
235,259,3487,1,0,12
236,260,910,0,1,11
237,261,1631,1,0,8
238,262,485,0,1,8
239,263,2121,0,0,8
240,265,1556,1,0,13
241,266,1217,1,1,0
242,267,2462,1,1,6
243,268,2740,0,0,12
244,269,1199,1,1,7
245,270,647,1,0,8
246,271,3561,0,1,5
247,272,2737,0,0,8
248,273,1243,1,0,8
249,274,2503,0,0,9
250,275,2116,0,0,10
251,276,1449,1,0,10
252,277,517,0,0,3
253,278,762,0,0,6
254,279,3638,1,0,8
255,280,2512,0,0,7
256,281,590,1,0,9
257,282,829,1,1,17
258,283,2522,0,0,6
259,84,284,0,0,8
260,34,285,0,0,11
261,287,1796,0,0,8
262,288,1198,0,0,11
263,289,2262,1,0,6
264,129,290,1,0,10
265,292,3150,0,0,7
266,1,293,0,0,10
267,295,1342,0,0,8
268,296,469,1,0,5
269,298,3166,0,0,1
270,299,834,0,0,10
271,300,858,0,0,7
272,297,301,1,0,8
273,302,1697,0,0,9
274,303,3621,0,1,6
275,305,3108,0,0,11
276,306,1767,0,0,11
277,307,1573,1,0,13
278,308,739,1,1,15
279,310,560,1,0,9
280,311,2423,0,0,9
281,312,1830,1,0,10
282,313,1412,0,0,12
283,314,2763,1,0,9
284,315,1710,1,1,3
285,316,2496,1,1,11
286,317,2048,0,0,6
287,318,2815,1,0,6
288,319,569,0,0,6
289,320,1095,0,0,8
290,321,2242,0,0,8
291,322,560,0,0,7
292,323,1482,0,0,7
293,324,1811,0,0,15
294,151,325,0,0,9
295,80,326,0,0,11
296,329,3225,0,0,7
297,330,3399,0,0,8
298,331,1743,1,0,7
299,332,2116,1,0,5
300,334,1506,0,0,10
301,335,637,0,0,8
302,336,2989,0,0,15
303,337,441,1,1,11
304,338,695,0,0,9
305,339,1185,1,1,9
306,340,1788,0,0,9
307,341,3081,0,1,8
308,342,2029,0,0,10
309,343,1458,0,0,14
310,344,1217,0,0,0
311,345,1916,1,0,6
312,346,2390,0,0,13
313,70,347,0,0,6
314,348,743,0,0,8
315,349,924,1,1,9
316,350,2530,0,0,12
317,351,1387,0,0,9
318,352,367,1,0,5
319,127,353,0,0,7
320,354,3086,0,0,9
321,355,3086,0,0,11
322,356,2017,0,0,3
323,357,2712,0,0,10
324,359,3055,0,0,12
325,360,2438,1,1,8
326,361,3514,0,0,11
327,362,985,0,1,9
328,363,1539,1,0,6
329,364,1275,0,0,0
330,365,2938,0,0,9
331,366,3499,0,0,9
332,368,3328,0,0,8
333,369,963,0,0,8
334,370,3611,0,0,11
335,372,1501,1,0,11
336,373,3647,1,1,9
337,374,1333,1,0,11
338,375,558,1,0,7
339,376,3020,1,0,9
340,377,1063,1,0,12
341,331,378,0,0,10
342,379,2561,0,0,6
343,380,3747,0,1,7
344,281,381,1,0,12
345,382,3071,0,0,7
346,383,2743,0,1,6
347,384,3270,1,0,13
348,385,2920,1,0,6
349,386,1570,1,0,8
350,387,741,1,0,10
351,388,758,1,1,6
352,389,893,0,0,8
353,390,1324,1,0,7
354,391,2843,1,0,11
355,392,581,0,0,14
356,393,3613,0,0,3
357,395,1485,0,0,16
358,396,3713,0,0,7
359,397,1111,0,1,14
360,398,1235,0,0,5
361,400,1338,0,0,6
362,401,3412,1,0,8
363,402,1190,1,0,8
364,403,468,0,0,5
365,5,404,0,0,6
366,405,3758,0,0,9
367,406,2088,0,0,13
368,407,2537,0,1,12
369,408,2706,0,0,10
370,409,1225,0,1,9
371,410,669,0,0,10
372,411,524,1,0,9
373,412,718,0,0,8
374,413,3262,0,0,1
375,414,1230,0,0,12
376,415,446,1,1,10
377,416,1686,0,0,8
378,417,3419,0,0,11
379,418,1120,0,1,12
380,419,2550,0,0,11
381,420,2577,0,0,12
382,421,763,0,0,16
383,422,2548,0,0,8
384,314,423,1,0,7
385,424,1766,0,1,0
386,425,2849,0,0,7
387,426,574,0,0,6
388,427,3514,0,0,9
389,428,1192,0,0,13
390,271,429,0,0,6
391,430,2687,0,1,8
392,431,888,1,0,7
393,432,2427,1,0,11
394,433,492,0,0,14
395,434,3086,0,0,14
396,435,2970,1,0,7
397,436,1345,0,1,10
398,438,2761,0,0,12
399,439,3821,0,0,7
400,440,1301,0,0,9
401,441,798,1,0,7
402,442,1847,0,0,10
403,443,1388,0,0,7
404,444,1885,1,0,7
405,445,1119,1,0,9
406,446,1013,1,0,11
407,447,2057,0,0,8
408,448,743,0,0,11
409,449,2769,1,1,12
410,450,922,1,0,10
411,451,607,0,0,11
412,452,1322,0,0,3
413,453,3225,0,0,9
414,454,620,0,0,13
415,455,1845,0,0,11
416,456,552,0,0,8
417,457,846,0,1,14
418,458,3771,0,0,14
419,459,3248,1,0,6
420,462,2546,0,0,8
421,463,1687,0,0,8
422,464,1549,1,0,10
423,465,2882,0,0,7
424,466,2877,0,1,11
425,467,1417,1,0,6
426,469,1417,0,0,9
427,470,837,1,1,4
428,471,1709,0,1,13
429,151,472,0,1,10
430,73,473,1,0,6
431,265,474,0,0,17
432,476,935,0,0,14
433,477,1746,0,0,6
434,478,1090,0,0,8
435,480,492,0,0,7
436,481,2479,0,1,14
437,482,746,0,0,9
438,438,483,0,0,12
439,484,3298,0,1,11
440,485,1012,1,0,9
441,486,2191,1,0,14
442,381,487,0,0,8
443,488,2781,0,0,9
444,489,1324,0,0,10
445,490,1745,0,0,12
446,491,1342,0,1,8
447,493,1366,0,0,8
448,494,1271,0,0,10
449,495,1239,0,0,13
450,213,497,0,0,1
451,498,2116,1,0,6
452,499,728,0,1,8
453,500,1127,1,0,13
454,501,2425,0,0,9
455,502,3246,0,0,4
456,504,2739,0,0,12
457,505,3801,1,0,7
458,506,742,0,0,5
459,507,2831,0,1,13
460,508,2760,1,0,9
461,510,2817,1,0,7
462,511,3372,0,0,7
463,512,556,0,0,14
464,513,1398,0,0,5
465,514,2792,0,0,8
466,515,2505,0,0,5
467,516,2798,0,0,12
468,518,3496,1,1,7
469,519,608,0,0,9
470,521,837,0,0,7
471,218,522,0,0,10
472,523,3581,0,0,8
473,524,3063,0,0,10
474,525,660,0,0,7
475,527,2427,1,0,10
476,528,670,0,0,11
477,529,3830,1,0,5
478,200,530,1,1,10
479,512,531,0,0,11
480,532,3184,0,0,11
481,533,2670,1,0,6
482,534,3644,1,1,10
483,535,686,1,0,12
484,412,536,0,1,4
485,537,1000,1,0,8
486,538,3855,0,0,10
487,539,1160,0,0,9
488,540,1442,0,0,6
489,468,541,0,0,7
490,343,542,0,0,12
491,543,2272,0,0,11
492,544,1549,0,1,9
493,546,608,0,0,9
494,548,648,0,0,10
495,549,1419,1,0,10
496,146,550,0,0,6
497,551,2503,0,0,6
498,553,3294,0,0,5
499,484,554,1,1,7
500,555,589,1,1,8
501,414,558,1,0,12
502,559,1931,1,0,8
503,238,561,0,1,0
504,562,1385,0,0,11
505,563,1295,0,0,7
506,564,1979,0,0,8
507,565,2926,0,0,14
508,217,566,1,0,1
509,229,567,1,0,6
510,570,1230,0,0,8
511,573,718,0,0,9
512,574,923,0,1,8
513,575,1134,0,0,11
514,576,1482,0,0,9
515,577,1118,0,0,8
516,578,2576,0,0,13
517,579,3092,0,0,7
518,580,1806,0,0,5
519,581,1231,0,0,6
520,582,3505,1,0,11
521,583,718,0,0,11
522,584,1709,0,0,14
523,143,585,1,0,8
524,586,1709,0,1,13
525,580,587,0,0,5
526,591,1030,0,0,3
527,592,1301,0,0,8
528,593,1921,0,0,0
529,594,869,0,0,9
530,595,1658,1,1,10
531,596,3100,1,0,3
532,597,1336,0,0,7
533,598,1874,0,0,10
534,339,599,1,1,9
535,600,3010,0,0,9
536,601,634,0,0,0
537,602,2251,0,0,8
538,603,782,0,0,10
539,604,3514,0,0,15
540,232,606,0,0,7
541,607,3307,0,1,10
542,609,2385,1,0,11
543,610,2604,0,0,16
544,611,3727,0,0,7
545,613,1532,0,0,9
546,614,1922,0,0,6
547,48,615,0,0,13
548,616,2310,0,0,7
549,436,617,0,1,5
550,618,2191,0,0,10
551,619,1373,1,0,11
552,620,2277,0,0,10
553,207,621,0,0,8
554,622,2613,0,0,8
555,624,1097,0,0,5
556,625,715,0,0,5
557,474,626,0,1,11
558,627,1467,1,1,9
559,628,2096,1,1,9
560,629,3023,1,0,11
561,559,630,0,0,15
562,631,1505,0,0,7
563,632,1412,0,1,6
564,633,3621,0,1,12
565,636,2959,1,0,7
566,637,1709,0,0,10
567,345,638,1,0,10
568,209,639,0,0,0
569,640,2058,1,0,7
570,641,3439,0,0,10
571,642,837,1,1,8
572,643,1342,0,0,7
573,644,2815,0,1,7
574,645,1433,1,0,11
575,646,1144,1,0,12
576,649,1204,0,0,8
577,650,2250,0,0,10
578,651,775,0,1,10
579,652,1397,0,0,13
580,206,653,1,0,10
581,654,2903,0,0,8
582,655,3122,0,0,9
583,656,1400,0,0,10
584,657,3621,1,1,7
585,658,1369,0,0,8
586,659,2712,0,0,10
587,662,3057,0,0,7
588,663,1345,0,1,8
589,664,3081,0,1,6
590,665,2841,0,0,9
591,666,1179,0,0,11
592,667,883,1,0,10
593,505,668,1,0,7
594,669,1037,0,0,9
595,670,1673,0,0,5
596,671,3319,0,0,6
597,549,672,1,1,5
598,673,2770,0,0,10
599,674,3307,0,1,9
600,675,3252,0,0,9
601,676,1807,0,0,9
602,677,960,1,0,12
603,678,3784,0,1,7
604,679,1681,1,0,7
605,680,2816,0,0,11
606,681,2012,0,0,11
607,682,3478,0,0,10
608,683,2582,1,0,9
609,684,3556,0,0,9
610,687,722,0,0,6
611,688,1436,0,1,6
612,689,980,1,1,9
613,690,2277,0,0,10
614,691,772,0,0,11
615,692,1287,0,0,8
616,693,1438,0,0,5
617,694,1969,0,0,11
618,210,696,1,0,10
619,697,2425,0,0,11
620,698,2919,1,0,7
621,699,1417,0,0,9
622,592,700,0,0,10
623,701,1475,0,0,9
624,702,1021,0,0,8
625,703,1845,0,0,0
626,704,3301,1,0,4
627,705,3351,1,0,8
628,706,1827,1,1,3
629,707,2709,1,0,8
630,708,3143,0,0,8
631,709,2913,0,0,12
632,346,710,0,1,3
633,711,1565,1,0,11
634,714,2446,0,0,11
635,716,1417,0,0,13
636,717,1289,0,0,8
637,719,1918,0,0,15
638,720,1648,0,1,12
639,721,1962,0,0,8
640,723,2195,0,0,6
641,134,724,0,1,8
642,725,2811,0,0,11
643,726,2665,0,0,10
644,729,2575,0,0,8
645,730,1217,1,1,0
646,731,1289,1,0,12
647,304,732,0,1,12
648,733,3143,0,0,11
649,734,2252,0,0,8
650,735,2563,1,1,11
651,445,736,1,1,15
652,737,2732,0,0,9
653,738,2892,0,0,10
654,739,3269,0,1,7
655,708,740,0,0,12
656,741,2846,0,0,7
657,738,744,0,0,12
658,745,2226,1,1,10
659,746,2601,0,1,11
660,747,2921,0,1,11
661,748,1330,0,0,9
662,749,2735,0,1,9
663,750,1206,0,0,9
664,752,3262,1,0,5
665,753,1090,1,0,8
666,754,2980,0,0,13
667,755,871,0,0,12
668,441,756,1,0,9
669,757,1419,0,0,11
670,758,3404,1,0,9
671,759,3365,0,0,6
672,760,3262,0,0,6
673,761,2688,0,0,9
674,355,762,0,0,10
675,763,3564,0,0,6
676,764,2528,0,0,0
677,737,765,0,0,5
678,766,1882,1,0,13
679,440,768,0,0,11
680,769,2103,1,0,12
681,770,1562,0,1,6
682,401,771,1,0,7
683,772,3367,0,0,8
684,773,2727,0,0,6
685,774,3787,0,0,11
686,579,776,0,1,11
687,777,1333,0,0,8
688,778,856,0,1,11
689,779,1106,0,1,10
690,780,1125,1,0,7
691,781,883,0,1,1
692,782,1740,0,0,7
693,783,1791,0,0,8
694,784,1709,1,1,7
695,785,1520,0,0,9
696,214,786,0,1,1
697,787,3731,0,0,9
698,788,1271,0,0,8
699,789,2561,1,0,9
700,790,1650,0,0,8
701,791,2845,0,0,7
702,792,3797,0,0,13
703,793,1058,0,0,12
704,794,1328,1,0,9
705,795,912,0,0,10
706,295,797,0,1,9
707,799,1706,1,0,0
708,802,1316,0,0,8
709,803,1555,0,0,6
710,804,2568,0,0,5
711,805,1506,1,0,8
712,806,3241,0,0,3
713,807,3310,0,0,13
714,808,1520,0,0,8
715,809,3439,0,0,8
716,810,2641,1,0,11
717,440,811,0,0,10
718,812,1020,0,0,7
719,814,2845,1,1,10
720,815,2533,0,0,12
721,816,2536,0,0,7
722,817,2093,0,0,9
723,818,1680,1,0,6
724,819,1336,0,0,10
725,820,2952,0,0,11
726,593,821,0,0,1
727,822,1775,0,1,11
728,823,2633,0,0,7
729,235,824,1,0,8
730,825,1671,0,0,9
731,826,3697,0,0,7
732,370,827,0,0,7
733,829,2474,1,1,11
734,830,2874,0,0,8
735,831,3651,0,0,7
736,832,1766,0,1,0
737,833,2116,0,0,8
738,834,1413,0,0,10
739,835,2479,1,0,8
740,836,3154,0,1,5
741,396,837,0,0,11
742,838,2346,1,0,5
743,839,3772,0,1,0
744,840,2852,0,0,13
745,841,3071,0,0,10
746,844,1363,0,0,11
747,453,845,0,0,9
748,847,1986,0,0,8
749,848,3680,0,0,5
750,829,849,1,0,14
751,575,850,0,0,11
752,851,983,0,0,10
753,852,3513,0,0,12
754,853,981,0,0,6
755,854,1159,1,0,8
756,856,1922,1,0,6
757,857,2512,0,0,7
758,406,858,0,0,7
759,860,3609,0,0,10
760,862,3860,1,0,12
761,863,938,0,0,4
762,864,3184,1,0,9
763,865,1134,1,0,7
764,866,2157,0,0,13
765,788,867,0,0,3
766,868,1922,0,0,8
767,870,937,0,0,5
768,872,3058,0,0,8
769,874,3545,0,1,7
770,876,2543,0,0,8
771,681,877,0,0,10
772,878,2446,1,0,14
773,879,2479,0,0,7
774,875,882,0,0,13
775,883,3294,0,0,9
776,884,1479,0,0,6
777,541,885,0,0,9
778,164,887,0,1,15
779,888,2013,0,0,8
780,871,889,0,0,11
781,763,890,0,0,9
782,891,2938,0,0,8
783,892,1800,1,0,11
784,894,3440,0,0,10
785,895,2551,1,0,8
786,896,2292,0,0,2
787,897,1636,0,1,9
788,898,1139,1,0,8
789,599,899,1,0,7
790,902,2832,0,0,7
791,903,2842,0,0,13
792,905,2854,0,0,12
793,906,1329,0,0,6
794,907,1726,1,0,7
795,320,909,0,0,12
796,910,1438,0,0,11
797,911,1916,1,0,7
798,912,1811,0,0,6
799,913,3191,0,0,5
800,914,2006,1,0,8
801,915,1519,1,0,10
802,916,2050,0,1,13
803,917,1439,0,0,1
804,918,1771,0,0,9
805,919,1673,0,0,8
806,921,3777,0,0,8
807,922,3563,0,0,13
808,925,1318,0,1,10
809,926,1346,1,0,8
810,927,1921,1,0,7
811,928,3539,0,0,9
812,929,2882,0,0,7
813,930,3188,0,0,9
814,931,3538,0,0,3
815,932,3687,0,0,6
816,933,1779,1,0,9
817,934,1274,0,0,10
818,935,2739,0,0,12
819,937,2619,1,0,12
820,938,1753,1,0,7
821,939,1037,0,1,9
822,940,1888,0,0,11
823,941,1394,0,0,11
824,942,1835,0,1,8
825,943,3529,0,0,12
826,944,1620,0,0,8
827,945,1205,0,1,9
828,948,1237,1,0,11
829,492,949,0,0,6
830,950,2464,0,0,9
831,672,951,1,0,11
832,952,3403,0,0,1
833,789,953,1,1,8
834,954,3419,1,0,14
835,955,2436,0,0,12
836,956,986,0,0,3
837,755,957,0,0,6
838,4,959,0,0,16
839,960,1037,1,1,15
840,961,2563,1,0,14
841,206,962,1,0,11
842,424,964,0,0,11
843,968,3860,1,0,6
844,969,1551,0,0,9
845,107,970,0,0,8
846,971,3634,1,0,6
847,972,3617,0,0,1
848,214,973,0,0,2
849,974,3504,0,1,4
850,975,3201,0,1,10
851,976,1493,0,0,9
852,977,1911,0,0,20
853,978,1322,0,0,10
854,794,979,1,0,7
855,981,1212,0,0,7
856,982,994,1,0,11
857,687,983,0,0,8
858,984,3481,1,0,6
859,986,1120,1,1,7
860,988,3368,0,0,3
861,989,3111,0,0,11
862,990,1811,1,0,10
863,213,991,0,0,11
864,984,992,0,0,10
865,993,3830,1,1,17
866,994,2358,0,0,14
867,995,2203,0,0,6
868,996,1299,0,0,6
869,997,2524,0,0,3
870,999,1015,1,1,6
871,1000,1405,0,0,7
872,1001,2177,0,1,8
873,1002,1575,0,0,7
874,167,1004,0,0,8
875,513,1006,1,1,8
876,1007,3821,0,0,10
877,1008,3601,0,0,11
878,1009,1191,0,0,10
879,1010,3065,0,0,10
880,1011,2817,0,0,17
881,1012,3058,0,0,8
882,1013,2448,0,0,15
883,148,1014,1,0,13
884,1016,1534,0,0,14
885,1017,2719,1,1,6
886,1018,3444,1,0,8
887,1019,1405,1,1,8
888,1021,1369,0,1,10
889,613,1022,1,0,7
890,1023,3252,0,0,10
891,1020,1024,0,0,9
892,1025,1145,0,0,15
893,1026,2639,0,0,12
894,1027,1383,0,0,10
895,55,1028,1,0,9
896,1029,1051,0,0,10
897,1031,3289,0,0,0
898,1032,1402,0,0,9
899,1033,1326,1,0,6
900,1034,2116,0,0,5
901,508,1035,0,1,9
902,1036,3024,0,0,8
903,1037,1196,1,0,6
904,1038,2702,0,0,8
905,1039,1440,0,0,10
906,1040,3282,1,0,8
907,959,1041,0,0,10
908,1042,2219,0,1,10
909,1043,2627,1,0,5
910,1044,1559,1,0,5
911,1045,1444,1,0,10
912,1046,1185,1,1,4
913,1047,3376,0,0,4
914,1048,2090,0,0,9
915,1049,1370,1,0,11
916,1050,1803,0,1,8
917,1051,3240,0,0,13
918,1052,1170,1,0,5
919,782,1054,0,0,11
920,1055,2966,1,0,11
921,1056,1069,0,0,12
922,1057,1322,0,0,5
923,1058,1324,0,0,8
924,1060,3540,0,0,14
925,1061,1590,1,0,9
926,1062,2915,0,1,7
927,1064,1416,0,0,10
928,1065,2765,0,0,11
929,1066,3689,0,0,9
930,1067,3851,0,0,6
931,1068,3300,0,0,7
932,1070,3529,0,0,8
933,1071,2313,1,0,9
934,1072,1620,0,0,8
935,1073,3507,0,0,5
936,1074,1916,0,0,12
937,1075,3424,0,0,15
938,525,1076,0,0,7
939,1077,1188,0,0,4
940,1078,1660,0,1,16
941,73,1079,1,1,8
942,1080,1695,0,1,6
943,1081,1225,1,1,7
944,1082,2532,0,0,8
945,1083,2737,0,0,8
946,1084,1355,0,1,9
947,1039,1085,0,0,6
948,1086,1571,0,1,11
949,1087,2837,1,0,7
950,1088,1341,0,0,4
951,1089,1209,1,1,13
952,1090,1998,0,0,5
953,1091,2695,1,0,10
954,1092,2477,0,0,6
955,1094,2926,0,0,8
956,1096,1238,1,0,3
957,1097,2321,0,0,10
958,1098,1394,1,0,11
959,1099,2540,0,0,13
960,1100,2792,0,0,6
961,1101,1661,1,0,6
962,674,1102,0,0,11
963,1103,2698,0,1,8
964,1104,3351,0,1,11
965,991,1105,0,0,9
966,1106,2544,1,1,8
967,1107,1345,0,1,14
968,1108,3424,1,1,16
969,1109,2899,1,0,7
970,654,1110,0,0,7
971,1111,2804,0,0,12
972,1112,1803,1,0,4
973,1113,3792,0,0,9
974,1114,1875,0,1,8
975,1115,2581,0,0,6
976,1116,2177,1,0,14
977,1117,3236,0,0,2
978,1120,2364,1,0,7
979,909,1121,0,0,8
980,300,1122,0,0,10
981,1123,2006,0,0,8
982,1124,2540,1,0,10
983,1127,1347,1,0,10
984,1128,1461,1,0,0
985,101,1129,0,1,6
986,1130,1343,1,0,8
987,1132,3051,0,0,10
988,1133,1829,1,0,10
989,1135,2448,0,0,11
990,1136,2262,1,0,6
991,1139,2369,0,0,9
992,551,1140,0,0,6
993,885,1141,0,0,11
994,1143,2552,1,0,9
995,1144,1538,0,0,9
996,1145,3286,0,0,10
997,409,1147,0,1,14
998,1148,3366,0,0,12
999,1149,1408,0,0,3
1000,1150,2593,0,0,7
1001,1151,2022,0,0,9
1002,1153,1753,1,0,15
1003,1155,2599,0,0,11
1004,1156,3811,0,1,8
1005,1157,3131,0,0,12
1006,80,1158,0,0,11
1007,1159,1277,0,1,12
1008,1160,1188,0,0,3
1009,1161,1484,1,0,6
1010,1162,1430,0,0,18
1011,1163,3809,1,0,14
1012,885,1164,0,1,5
1013,1165,2175,1,0,7
1014,1166,3378,0,0,7
1015,443,1167,0,1,13
1016,1168,2740,1,0,15
1017,236,1169,0,1,6
1018,1171,3071,0,0,11
1019,1172,1391,0,0,0
1020,302,1173,0,0,10
1021,1174,3075,0,0,4
1022,206,1175,1,0,10
1023,1176,2426,0,0,7
1024,1177,2651,0,0,6
1025,1178,3850,1,1,8
1026,1179,1789,1,0,11
1027,1021,1180,0,0,7
1028,1181,2330,1,0,3
1029,1182,2856,1,1,11
1030,1183,3298,0,0,9
1031,283,1184,0,0,9
1032,1186,1830,0,0,5
1033,425,1187,1,0,9
1034,1189,3611,1,0,10
1035,1193,3003,0,1,14
1036,1194,1538,1,1,7
1037,1195,1343,0,0,9
1038,1198,1251,0,0,8
1039,1033,1199,0,0,9
1040,808,1200,0,0,12
1041,1201,3308,0,1,0
1042,575,1202,0,0,10
1043,1203,3413,0,1,5
1044,1204,1473,0,0,7
1045,1207,1858,0,0,4
1046,900,1208,0,0,6
1047,1209,1685,1,0,11
1048,1210,1768,0,1,7
1049,1213,1481,0,0,9
1050,1214,1378,0,0,7
1051,1215,1797,0,0,7
1052,551,1216,0,0,11
1053,1218,3054,0,0,12
1054,1219,3094,0,0,9
1055,1221,1357,0,1,7
1056,1222,1858,0,0,5
1057,1223,2843,0,1,10
1058,149,1224,0,0,13
1059,214,1226,0,1,2
1060,1227,1357,0,0,11
1061,1229,2973,1,0,13
1062,1113,1230,0,0,8
1063,1037,1233,0,0,4
1064,1234,3709,1,1,2
1065,707,1235,1,0,11
1066,795,1236,0,1,8
1067,1237,3550,0,0,6
1068,1238,3296,0,0,3
1069,1240,1413,0,1,6
1070,971,1241,0,0,7
1071,495,1242,0,0,9
1072,1244,3063,0,0,13
1073,1245,3786,1,1,12
1074,1246,3001,0,0,8
1075,1247,1856,1,0,9
1076,484,1248,1,0,3
1077,1249,2782,1,0,2
1078,1250,2649,1,0,7
1079,1252,1282,1,0,10
1080,396,1253,0,1,13
1081,1254,1624,1,0,4
1082,1086,1255,0,1,12
1083,1256,2043,0,1,4
1084,1257,1518,0,0,11
1085,1258,2753,1,1,11
1086,1013,1259,0,0,8
1087,1260,2448,1,0,10
1088,1261,2013,0,0,10
1089,738,1263,0,0,5
1090,1264,2546,1,0,12
1091,1265,1324,1,0,5
1092,1266,3177,0,0,7
1093,1267,3466,0,0,7
1094,1268,2557,0,0,9
1095,1269,2543,0,0,11
1096,1270,3844,0,0,10
1097,941,1272,0,0,14
1098,563,1273,0,0,11
1099,1274,1300,0,0,12
1100,1275,1776,1,1,14
1101,1276,2426,1,0,9
1102,1278,3597,0,0,16
1103,1279,1519,0,0,10
1104,1062,1280,0,0,6
1105,1281,1563,0,0,4
1106,1283,2292,1,0,3
1107,1284,3799,0,0,6
1108,1286,1450,0,0,7
1109,1288,2188,1,0,9
1110,1290,2503,1,1,4
1111,1292,1924,1,0,3
1112,1293,3572,0,0,8
1113,1294,2891,0,1,8
1114,1296,3096,1,0,5
1115,1297,1335,0,0,9
1116,1298,2195,1,0,12
1117,1300,3023,0,0,14
1118,562,1302,0,1,8
1119,846,1303,0,1,14
1120,1304,1326,0,1,4
1121,1118,1305,1,0,6
1122,25,1306,0,1,8
1123,1015,1307,1,1,8
1124,1308,3563,0,1,11
1125,1310,3809,1,1,16
1126,1311,2711,0,1,7
1127,764,1312,0,0,0
1128,1314,1505,1,0,0
1129,1135,1315,0,1,14
1130,1113,1316,0,0,9
1131,1317,3184,1,0,10
1132,148,1319,1,0,9
1133,1321,1753,0,0,9
1134,31,1323,0,0,6
1135,1325,2823,0,0,12
1136,971,1327,0,0,6
1137,1329,3330,0,0,12
1138,1331,2781,0,1,14
1139,1332,2426,1,1,9
1140,1308,1337,0,0,8
1141,83,1338,0,0,14
1142,1015,1340,1,0,6
1143,27,1342,0,1,7
1144,922,1344,0,0,10
1145,188,1348,0,0,9
1146,226,1349,0,0,12
1147,497,1351,0,1,2
1148,1353,2772,0,0,11
1149,386,1354,1,0,4
1150,956,1356,0,0,4
1151,1358,3086,0,0,13
1152,1360,2536,0,1,8
1153,1361,2226,0,0,11
1154,777,1362,0,0,10
1155,1363,1411,0,0,9
1156,1364,3189,0,0,2
1157,1365,1661,0,0,6
1158,1094,1366,0,0,9
1159,1367,2638,1,1,4
1160,1371,3612,1,0,11
1161,172,1372,0,0,13
1162,1373,1480,0,0,9
1163,1375,3250,0,0,14
1164,897,1376,0,0,4
1165,1343,1377,0,0,8
1166,837,1379,0,0,12
1167,1380,2026,0,0,8
1168,1381,1494,0,0,4
1169,1382,2226,1,1,9
1170,1384,1718,0,0,11
1171,1386,1891,0,0,5
1172,1389,3809,0,1,11
1173,1390,2748,0,0,9
1174,1392,2641,0,0,0
1175,1395,3828,0,0,7
1176,1396,2888,0,0,10
1177,1399,3841,0,1,7
1178,580,1401,0,0,8
1179,1258,1403,0,0,8
1180,1404,2410,0,1,10
1181,1406,3634,0,0,6
1182,1407,1457,1,0,12
1183,1409,3757,1,1,12
1184,1214,1410,0,0,6
1185,1411,3444,0,0,8
1186,938,1414,1,0,6
1187,1415,3502,1,0,8
1188,1418,3241,0,0,2
1189,1307,1420,0,0,10
1190,594,1421,0,0,12
1191,1422,3495,0,0,4
1192,1424,3666,0,0,6
1193,1426,1606,1,0,7
1194,1373,1427,1,0,10
1195,1429,3044,0,0,7
1196,1431,2519,0,0,13
1197,1433,2215,0,0,15
1198,1434,3127,1,1,1
1199,673,1435,1,0,9
1200,1437,3640,1,0,11
1201,699,1440,0,0,7
1202,1441,1736,0,0,12
1203,880,1442,0,0,12
1204,818,1443,0,0,10
1205,32,1444,0,0,5
1206,1446,3289,0,0,1
1207,84,1447,0,0,8
1208,1448,3087,0,1,9
1209,1451,3750,0,0,8
1210,1452,2546,0,1,10
1211,1358,1453,0,1,9
1212,1454,2622,1,0,14
1213,1455,1719,0,0,10
1214,1456,3399,0,0,5
1215,1459,1776,0,1,9
1216,1460,2465,0,0,7
1217,1316,1462,0,0,12
1218,1463,3551,0,0,12
1219,1464,2655,0,0,8
1220,1364,1465,0,1,4
1221,207,1466,0,0,11
1222,196,1467,1,0,7
1223,1468,2809,1,0,3
1224,1469,2493,0,0,10
1225,1470,3559,0,0,14
1226,1417,1471,0,0,4
1227,1286,1472,0,0,4
1228,413,1475,0,0,10
1229,1476,2656,1,0,11
1230,1477,1900,0,0,5
1231,817,1478,0,0,5
1232,132,1481,0,0,11
1233,954,1483,1,0,9
1234,1486,2401,0,0,13
1235,153,1487,1,1,9
1236,1488,1632,0,0,5
1237,708,1489,0,1,1
1238,1289,1490,0,1,5
1239,1491,2368,0,0,12
1240,1495,2654,1,0,11
1241,39,1496,0,1,13
1242,3,1497,0,0,12
1243,789,1498,1,0,10
1244,1500,3350,0,0,11
1245,1501,1772,0,1,14
1246,1,1502,0,0,3
1247,1282,1503,0,0,4
1248,1504,1686,1,0,11
1249,1505,2426,0,0,11
1250,1506,1772,1,1,15
1251,1507,3700,0,0,9
1252,1508,2846,1,0,1
1253,1074,1509,0,0,7
1254,1002,1510,0,0,9
1255,1114,1511,0,1,6
1256,1315,1512,0,0,10
1257,1513,1757,0,0,0
1258,1514,3461,0,0,12
1259,1515,1894,1,0,6
1260,1069,1516,0,0,11
1261,1517,2214,0,0,12
1262,1518,3730,0,0,9
1263,1198,1521,0,0,10
1264,230,1522,0,0,8
1265,808,1523,0,0,11
1266,1316,1524,0,0,14
1267,1525,2187,0,0,0
1268,55,1527,1,1,7
1269,594,1528,0,0,10
1270,95,1529,0,0,10
1271,417,1530,1,1,7
1272,1532,1639,0,1,9
1273,1533,1681,0,0,9
1274,692,1535,0,1,10
1275,654,1536,0,1,6
1276,878,1537,1,0,4
1277,1539,3271,0,1,5
1278,410,1540,0,0,9
1279,1316,1542,0,0,3
1280,965,1543,1,1,15
1281,159,1544,1,0,10
1282,1545,1863,0,0,9
1283,1314,1546,1,0,1
1284,1548,2157,0,0,8
1285,763,1550,0,0,4
1286,1551,2425,0,0,3
1287,793,1553,1,0,15
1288,592,1555,0,0,7
1289,692,1558,0,0,11
1290,1560,3778,1,1,9
1291,1561,2009,0,0,11
1292,1068,1564,0,0,10
1293,707,1567,1,0,8
1294,62,1568,0,0,6
1295,422,1569,0,1,7
1296,879,1570,0,0,8
1297,620,1572,0,0,6
1298,703,1573,0,0,2
1299,1574,3019,0,0,10
1300,1576,3274,0,0,1
1301,1577,3211,0,0,12
1302,1579,3091,0,1,9
1303,1580,1901,0,0,6
1304,1581,3467,0,1,7
1305,1582,1747,0,0,2
1306,1584,1868,0,0,0
1307,1585,3591,1,0,1
1308,1242,1586,1,0,8
1309,1587,3544,0,0,11
1310,1588,2792,0,0,6
1311,1591,1803,0,0,9
1312,1592,3240,0,0,10
1313,104,1593,1,0,8
1314,1594,3795,0,0,5
1315,1595,3582,1,0,12
1316,1596,2556,0,0,11
1317,1597,2812,0,0,12
1318,1598,2912,0,0,6
1319,1599,1891,0,0,7
1320,146,1600,0,1,9
1321,1601,1687,1,0,9
1322,565,1602,0,0,9
1323,1603,3766,1,0,7
1324,1604,3331,0,1,0
1325,1605,3086,0,0,15
1326,1606,3516,0,0,8
1327,1607,2483,0,0,3
1328,1608,2891,1,0,0
1329,1609,3101,0,1,4
1330,1610,2208,0,0,13
1331,1611,2753,1,1,8
1332,1612,2448,0,0,15
1333,1613,2519,1,0,10
1334,1614,1616,1,0,6
1335,1615,3636,0,0,13
1336,1616,2296,1,0,10
1337,1617,3341,0,0,14
1338,1618,1894,0,0,6
1339,3,1621,0,0,14
1340,351,1622,1,0,8
1341,1623,3693,0,1,8
1342,1625,3717,1,0,3
1343,1626,3721,1,0,12
1344,1627,3245,0,0,2
1345,1628,2086,0,0,7
1346,1629,2007,0,0,10
1347,365,1630,0,0,14
1348,1631,3508,0,0,13
1349,1632,2969,0,0,10
1350,1634,2496,1,0,8
1351,365,1635,0,0,15
1352,1637,2708,0,1,9
1353,1638,3753,1,1,12
1354,1639,1774,0,0,4
1355,1548,1640,0,0,6
1356,1641,1726,0,0,10
1357,1642,2680,1,0,8
1358,5,1643,0,0,5
1359,1644,2115,0,0,7
1360,1645,2006,0,0,5
1361,1646,1927,1,0,9
1362,1647,2368,0,0,8
1363,1648,3654,1,0,10
1364,1649,2773,0,1,5
1365,1495,1650,0,0,8
1366,257,1651,1,0,13
1367,1044,1652,1,0,3
1368,1653,2574,0,0,9
1369,1654,1929,1,1,10
1370,1655,3813,0,0,11
1371,1656,1761,1,1,12
1372,1657,2805,0,1,5
1373,88,1658,0,0,5
1374,1659,3469,0,0,12
1375,1660,3412,1,0,9
1376,1661,2063,0,0,6
1377,1662,3081,0,1,10
1378,1663,2718,0,1,9
1379,1664,3100,0,1,6
1380,298,1665,0,1,2
1381,1666,3020,0,0,9
1382,1667,3828,0,0,8
1383,1668,2283,0,0,5
1384,728,1669,1,0,2
1385,1670,2482,1,0,11
1386,467,1671,1,1,8
1387,1672,3758,1,0,8
1388,1674,3025,0,0,12
1389,684,1675,0,0,12
1390,568,1676,0,0,14
1391,1677,3500,1,0,10
1392,1678,3371,1,0,4
1393,1679,2315,1,1,6
1394,1680,1722,0,1,10
1395,1682,2007,0,0,12
1396,1683,2623,0,0,11
1397,1684,3444,0,0,10
1398,1688,1984,1,0,8
1399,1689,2917,1,0,2
1400,1690,1927,1,0,10
1401,1691,3472,0,0,9
1402,1323,1692,1,0,6
1403,1693,1889,0,1,5
1404,1694,1755,0,1,4
1405,1695,3289,1,0,0
1406,1696,2642,0,0,10
1407,1697,2486,0,0,8
1408,1698,2324,1,0,10
1409,1664,1699,0,0,8
1410,1701,2977,1,0,8
1411,931,1703,0,0,2
1412,1704,1859,0,0,5
1413,1029,1705,0,0,10
1414,1706,3411,0,0,0
1415,1532,1707,0,1,9
1416,1708,3165,0,0,7
1417,152,1711,0,1,6
1418,1579,1712,1,1,0
1419,1713,2332,0,1,1
1420,1714,2890,0,0,16
1421,719,1715,0,1,12
1422,1717,3276,0,0,11
1423,80,1718,0,0,12
1424,1719,3029,0,1,15
1425,1720,1961,0,0,4
1426,1721,2865,1,0,15
1427,1722,2448,1,0,9
1428,1724,2343,0,0,9
1429,1417,1725,0,0,9
1430,1727,3301,0,0,7
1431,1728,3235,1,0,0
1432,1729,3122,0,0,11
1433,1730,3016,1,1,9
1434,1731,1838,1,1,9
1435,1732,3590,0,0,10
1436,1734,2873,1,0,15
1437,1735,3799,0,0,11
1438,1736,2512,0,0,10
1439,1737,2866,1,0,9
1440,1738,2153,1,0,6
1441,1739,2285,0,0,12
1442,1741,1781,0,0,10
1443,1743,3365,0,0,4
1444,1744,2933,0,0,7
1445,1745,2852,0,0,12
1446,1746,2953,1,0,4
1447,1748,2052,1,0,7
1448,1749,3604,0,1,9
1449,1422,1750,0,0,8
1450,1751,2631,0,0,7
1451,1752,3561,0,0,11
1452,1753,3101,0,1,12
1453,1754,3641,0,0,5
1454,1755,2834,1,1,6
1455,1756,2587,1,0,9
1456,1757,2548,0,0,0
1457,1758,3081,0,1,6
1458,1759,1853,0,0,8
1459,935,1760,1,0,0
1460,55,1762,1,0,8
1461,1763,2581,0,0,8
1462,1606,1764,0,0,11
1463,1765,3261,1,0,10
1464,1767,3187,1,0,8
1465,1013,1768,0,1,8
1466,1769,3183,0,0,9
1467,1770,1973,0,1,8
1468,968,1772,1,0,6
1469,918,1773,0,0,6
1470,1774,2885,0,0,6
1471,1775,2825,0,0,12
1472,1135,1776,0,1,16
1473,1777,3180,0,0,8
1474,1778,3351,1,1,9
1475,1779,3463,0,0,14
1476,1780,3229,0,0,8
1477,1782,2500,0,1,10
1478,1784,3401,1,0,11
1479,1785,2679,0,0,5
1480,1786,3477,0,0,7
1481,615,1787,0,0,10
1482,1788,2959,0,0,12
1483,1789,2109,0,0,11
1484,1444,1790,0,0,6
1485,1791,3583,0,0,7
1486,1532,1792,0,0,10
1487,1793,2250,1,0,12
1488,875,1794,0,1,8
1489,1795,3564,0,0,3
1490,1798,3332,1,1,7
1491,1799,3834,1,0,10
1492,1800,3672,0,1,11
1493,1801,3112,0,0,10
1494,1802,3612,0,0,11
1495,1550,1804,0,0,0
1496,1311,1806,1,1,10
1497,1808,3678,0,0,7
1498,1809,1934,0,0,10
1499,1810,2947,1,0,13
1500,1812,3185,1,0,0
1501,1813,2522,1,0,7
1502,254,1814,1,0,11
1503,1815,1923,0,0,11
1504,1816,2207,0,1,12
1505,1817,1960,0,0,2
1506,68,1818,0,0,13
1507,1345,1819,1,1,6
1508,1820,3280,0,1,11
1509,1821,3425,1,0,10
1510,943,1822,0,0,5
1511,1823,2755,1,0,5
1512,1643,1824,0,0,8
1513,1181,1825,1,0,10
1514,1826,1936,1,0,9
1515,1828,3340,1,0,10
1516,1830,3294,0,0,11
1517,1831,2551,0,0,6
1518,1832,2276,0,1,9
1519,456,1833,0,0,10
1520,218,1836,0,0,10
1521,1837,2863,0,0,9
1522,1840,3120,0,0,7
1523,1841,2519,0,0,6
1524,1842,1976,0,0,6
1525,731,1843,1,0,8
1526,290,1844,0,0,11
1527,145,1845,0,0,7
1528,1846,2680,0,0,5
1529,1847,2338,0,0,7
1530,1202,1848,0,1,9
1531,1849,2572,1,1,9
1532,1850,3374,0,0,9
1533,1855,2618,0,1,3
1534,1856,2109,0,0,7
1535,1857,3689,0,0,10
1536,1858,3781,0,0,4
1537,1860,2982,0,0,8
1538,1861,2236,0,1,10
1539,1788,1862,0,0,6
1540,1864,1913,0,1,16
1541,1865,2006,0,0,8
1542,1866,1867,1,0,17
1543,1867,2174,0,0,9
1544,1868,2057,0,1,0
1545,663,1869,0,0,12
1546,1870,2251,0,0,8
1547,193,1871,1,0,8
1548,1873,2610,1,0,5
1549,1875,2620,1,1,5
1550,1876,2054,1,1,9
1551,1879,2157,0,0,12
1552,1880,3154,0,1,9
1553,1881,3478,0,0,10
1554,1882,2398,0,0,12
1555,779,1883,0,0,7
1556,1884,2359,1,0,11
1557,1885,3413,0,1,6
1558,1886,3018,0,0,10
1559,1887,3845,0,0,9
1560,562,1888,0,0,10
1561,1889,1998,0,0,9
1562,853,1890,0,0,17
1563,1892,3321,0,1,0
1564,1893,3748,0,0,7
1565,912,1894,0,0,10
1566,1895,2522,0,0,10
1567,1896,2453,0,0,10
1568,1897,2153,0,1,8
1569,1898,2972,0,0,9
1570,1899,2950,0,0,9
1571,5,1902,0,1,6
1572,1903,2729,1,0,9
1573,1904,3234,0,0,8
1574,1905,2959,0,0,12
1575,1653,1906,0,0,4
1576,764,1907,0,1,0
1577,664,1908,0,0,9
1578,1909,2183,0,0,9
1579,1899,1910,0,0,10
1580,1912,2607,1,1,9
1581,1771,1914,0,0,0
1582,1885,1918,0,1,10
1583,1920,2326,0,0,10
1584,1596,1921,0,0,12
1585,1923,2849,0,0,10
1586,1926,2351,1,0,6
1587,1928,3437,0,0,4
1588,1930,3549,1,1,7
1589,1932,3223,1,0,15
1590,1933,2529,1,0,6
1591,1934,2551,0,0,11
1592,1935,3731,0,0,10
1593,1937,3388,1,0,9
1594,1938,1951,0,1,6
1595,1939,2141,0,0,8
1596,1942,2694,0,0,14
1597,894,1943,0,0,15
1598,1944,3167,0,0,10
1599,1945,2504,0,0,7
1600,1946,2563,0,0,10
1601,1948,3147,1,0,5
1602,1949,3572,0,1,13
1603,1951,2972,1,0,9
1604,482,1952,0,0,12
1605,1953,3083,1,1,9
1606,1954,2711,1,1,3
1607,1955,2531,0,0,11
1608,1896,1956,0,1,5
1609,1957,2391,0,0,11
1610,1958,3086,0,0,13
1611,1959,3790,0,1,3
1612,1960,2379,0,0,1
1613,600,1962,0,0,10
1614,1963,2335,0,0,11
1615,1964,3237,1,0,11
1616,1965,2749,0,0,10
1617,1840,1966,0,0,9
1618,1967,2682,0,0,7
1619,1968,3170,0,0,8
1620,1324,1969,0,0,12
1621,1970,3085,1,1,8
1622,209,1971,0,0,0
1623,183,1972,0,0,8
1624,1973,3413,1,1,8
1625,1974,2096,0,0,14
1626,1975,2798,0,0,10
1627,1976,3495,0,0,4
1628,1977,2720,0,0,6
1629,1978,3523,0,0,9
1630,1979,3028,0,0,10
1631,1980,2191,0,0,9
1632,1981,3516,0,0,13
1633,1437,1982,0,0,13
1634,1983,3422,0,0,4
1635,1987,3362,1,0,10
1636,1988,2866,1,0,12
1637,438,1989,0,0,10
1638,1990,3314,0,0,9
1639,1991,2241,0,0,9
1640,1714,1992,0,0,17
1641,1993,3205,1,0,8
1642,1994,2563,0,0,10
1643,1995,3200,1,0,0
1644,1996,3330,1,0,10
1645,1997,3714,0,0,0
1646,1276,2000,0,0,12
1647,2001,3646,0,0,12
1648,2002,3547,0,0,9
1649,2003,3714,0,0,0
1650,2004,3375,1,0,8
1651,957,2005,0,0,7
1652,2006,3780,0,1,5
1653,2009,2811,0,0,9
1654,2010,3706,0,0,9
1655,737,2011,0,0,6
1656,903,2013,0,0,6
1657,893,2014,0,0,9
1658,2015,2116,0,0,9
1659,2016,3140,0,0,3
1660,2017,3833,0,0,2
1661,1693,2018,0,0,9
1662,2019,3105,0,0,12
1663,2020,3427,1,1,10
1664,2021,2429,1,0,9
1665,2022,3724,1,0,2
1666,2023,3109,1,0,2
1667,2024,2049,0,0,11
1668,2025,3618,0,0,6
1669,2026,2831,0,1,13
1670,2027,3092,1,0,8
1671,2028,2527,1,0,7
1672,2030,3161,1,0,10
1673,2031,2563,0,0,9
1674,2032,3548,0,1,5
1675,2033,2117,0,1,9
1676,579,2034,1,0,7
1677,2035,2972,1,0,8
1678,19,2036,0,1,6
1679,2037,2044,0,1,8
1680,2038,2677,1,0,14
1681,2039,3150,0,0,11
1682,233,2040,0,1,12
1683,2041,2961,1,0,9
1684,1575,2042,0,1,5
1685,2045,2331,1,1,9
1686,2046,3671,0,0,8
1687,1157,2047,0,1,12
1688,2048,2524,0,0,1
1689,2050,2936,0,1,5
1690,148,2051,1,1,14
1691,2053,2637,0,0,6
1692,2054,2851,0,0,6
1693,2055,3252,1,0,10
1694,2056,2300,0,1,12
1695,2057,2892,0,0,9
1696,565,2058,0,0,12
1697,2059,3111,1,0,6
1698,2060,2756,0,0,7
1699,2061,2831,0,1,8
1700,2062,3846,1,0,9
1701,1412,2064,1,0,8
1702,1741,2065,0,1,8
1703,1312,2067,0,0,7
1704,2068,3126,0,1,14
1705,2070,2688,0,0,9
1706,566,2071,0,0,7
1707,2072,2242,0,0,12
1708,1343,2073,0,0,10
1709,511,2074,1,0,13
1710,1781,2075,0,0,7
1711,2076,3478,0,0,11
1712,2077,3613,0,0,8
1713,1340,2078,0,1,9
1714,2079,3061,1,0,17
1715,2080,3291,0,1,8
1716,2081,2468,0,0,6
1717,2082,3187,1,0,7
1718,2083,2776,0,0,7
1719,461,2084,0,0,7
1720,1203,2085,1,0,10
1721,2087,2898,0,1,10
1722,2088,3100,0,0,7
1723,1964,2089,0,0,16
1724,2090,2431,0,0,6
1725,2091,2578,0,1,7
1726,2092,3071,0,0,14
1727,2093,2380,0,0,6
1728,2094,2107,0,0,8
1729,2095,2869,0,0,11
1730,2096,2773,1,1,12
1731,2097,2146,0,0,6
1732,2098,2477,1,0,6
1733,875,2099,0,0,12
1734,1145,2101,0,1,7
1735,1371,2102,1,0,8
1736,156,2103,1,1,7
1737,2041,2104,0,0,10
1738,302,2105,0,0,11
1739,113,2107,0,1,17
1740,2108,3122,1,1,4
1741,143,2110,1,0,8
1742,2113,3101,0,1,9
1743,2114,2848,1,1,12
1744,2118,3252,1,0,6
1745,2119,3559,0,0,9
1746,285,2120,0,0,8
1747,2121,2983,0,0,6
1748,999,2122,0,0,6
1749,355,2123,0,0,5
1750,44,2124,0,0,7
1751,2126,2587,0,0,7
1752,2127,3330,0,0,10
1753,2128,3518,0,0,6
1754,2129,3314,0,0,11
1755,128,2130,1,1,10
1756,2132,3303,0,1,9
1757,2133,3368,0,0,11
1758,2134,2760,0,0,4
1759,810,2135,1,1,5
1760,2136,3143,0,0,12
1761,1984,2137,0,0,8
1762,2138,3714,0,0,0
1763,1394,2139,0,0,4
1764,2140,3830,0,0,8
1765,1976,2141,0,0,9
1766,1062,2142,0,0,14
1767,2012,2143,0,0,8
1768,2144,2404,0,1,7
1769,1037,2145,0,0,10
1770,2146,2201,0,0,7
1771,2147,2201,0,0,6
1772,1641,2148,0,0,11
1773,865,2149,0,0,10
1774,2105,2151,0,1,9
1775,1595,2152,1,0,9
1776,2154,2688,0,0,9
1777,2155,3051,0,0,8
1778,1749,2156,0,0,10
1779,992,2158,0,0,10
1780,2159,3613,0,0,12
1781,2160,2481,1,0,11
1782,2161,3366,0,0,7
1783,2163,3705,1,0,8
1784,2164,3411,0,0,12
1785,2165,2232,1,0,10
1786,1759,2166,0,1,8
1787,2167,2339,0,0,9
1788,2168,3301,0,0,10
1789,1671,2169,0,0,7
1790,2089,2170,1,0,10
1791,2171,2305,0,1,5
1792,2172,3815,0,0,6
1793,2173,3653,0,0,10
1794,670,2175,0,1,7
1795,2176,3134,0,0,13
1796,2179,2560,0,1,12
1797,102,2180,1,0,10
1798,2181,2946,0,0,9
1799,2182,2876,0,0,10
1800,2184,2627,0,0,0
1801,2186,2694,0,0,6
1802,2188,3500,0,0,8
1803,2189,2321,0,0,9
1804,2190,3431,0,1,13
1805,2191,2802,0,0,10
1806,68,2192,0,0,9
1807,2193,2380,0,0,10
1808,1438,2194,0,1,5
1809,2196,3262,0,0,8
1810,2197,2387,0,0,8
1811,2198,3722,1,1,4
1812,2199,3715,0,0,7
1813,495,2200,0,1,12
1814,2202,3709,0,1,10
1815,1602,2203,0,0,9
1816,2204,2423,0,0,10
1817,379,2205,0,0,8
1818,2206,3292,0,0,11
1819,2051,2207,1,1,11
1820,2208,2468,0,0,3
1821,579,2209,0,0,11
1822,2210,3070,0,0,10
1823,2211,3303,0,0,9
1824,2214,2391,0,1,16
1825,2215,3128,1,0,8
1826,2216,3564,0,0,9
1827,2215,2217,0,1,15
1828,2218,3042,0,1,8
1829,2219,3615,0,0,7
1830,192,2221,1,0,15
1831,2222,2236,0,1,9
1832,2223,2360,0,0,11
1833,1132,2224,0,1,8
1834,1042,2225,0,1,10
1835,2226,2249,0,0,8
1836,1467,2227,0,0,8
1837,1343,2228,0,0,10
1838,2229,3016,1,1,11
1839,2181,2230,0,1,6
1840,219,2231,0,0,8
1841,2232,3117,1,0,6
1842,2233,2650,0,0,10
1843,594,2235,0,0,10
1844,1868,2237,0,1,0
1845,1693,2238,0,0,9
1846,68,2239,0,1,13
1847,2240,2300,1,1,13
1848,28,2241,0,0,5
1849,2243,3708,1,0,10
1850,2244,2288,0,0,10
1851,1115,2245,0,0,10
1852,1741,2246,0,1,9
1853,2046,2250,0,0,17
1854,2251,2541,0,0,7
1855,96,2252,1,0,7
1856,15,2253,1,0,6
1857,2255,3470,1,0,8
1858,2256,3188,0,0,6
1859,1977,2257,0,1,13
1860,2258,2551,0,0,6
1861,2259,3437,0,0,7
1862,231,2260,1,0,13
1863,2068,2261,0,0,14
1864,2263,3301,1,0,6
1865,2160,2264,1,0,9
1866,829,2265,0,0,12
1867,2266,3797,1,0,10
1868,2267,2776,0,1,7
1869,2268,3207,0,0,12
1870,1808,2269,0,0,5
1871,2270,2551,1,0,6
1872,2272,3280,0,1,7
1873,2273,2534,0,0,8
1874,2274,3268,0,0,14
1875,2275,2436,1,0,1
1876,684,2278,1,0,11
1877,891,2279,1,0,7
1878,2280,3431,0,1,10
1879,2281,2302,0,0,7
1880,2282,3576,0,0,9
1881,2284,2645,0,0,11
1882,2285,2778,0,1,15
1883,2286,3619,1,0,8
1884,1845,2288,0,0,7
1885,5,2290,0,0,3
1886,2291,2297,0,1,9
1887,1089,2293,1,0,11
1888,2294,2520,0,0,7
1889,2295,2448,1,0,12
1890,2296,3646,1,0,6
1891,2298,3841,0,1,8
1892,2299,2551,0,1,7
1893,2301,2315,0,1,9
1894,2303,2730,0,0,12
1895,2304,2631,0,0,11
1896,2306,2571,0,1,13
1897,2307,2934,0,0,0
1898,2308,2955,0,1,9
1899,282,2309,1,1,13
1900,2311,2915,0,0,6
1901,670,2312,0,0,11
1902,2313,2929,0,0,3
1903,1777,2314,0,0,8
1904,2318,3833,1,0,11
1905,2320,2522,0,0,9
1906,2322,3831,0,0,10
1907,1584,2323,0,0,4
1908,2326,3692,0,0,10
1909,1847,2327,0,0,11
1910,2276,2328,1,1,14
1911,971,2329,0,1,12
1912,567,2330,0,0,9
1913,2333,2644,0,0,8
1914,1913,2334,0,0,18
1915,2338,3292,0,0,9
1916,1831,2339,0,0,4
1917,2010,2340,0,0,10
1918,2341,2347,0,0,6
1919,2342,3107,0,0,6
1920,2344,3162,0,0,8
1921,2015,2348,0,1,10
1922,1477,2350,0,0,7
1923,2351,3503,0,1,0
1924,2352,3747,1,0,11
1925,2354,3797,0,0,12
1926,2355,2530,0,0,5
1927,1789,2356,0,0,8
1928,2357,2450,0,0,8
1929,1976,2358,0,0,11
1930,2360,3567,0,0,7
1931,2249,2362,0,0,8
1932,2363,2860,1,0,12
1933,2364,2766,0,0,8
1934,287,2366,0,1,8
1935,2367,3553,0,1,9
1936,2368,2670,0,0,8
1937,2198,2369,0,1,9
1938,2366,2370,1,0,10
1939,2372,3617,0,0,0
1940,2373,3821,0,0,8
1941,2301,2374,0,0,6
1942,819,2375,0,0,8
1943,2376,2919,1,0,7
1944,2377,2742,0,0,5
1945,2378,3299,0,0,8
1946,2379,3577,0,0,10
1947,2382,3237,0,0,8
1948,1329,2383,0,0,14
1949,2384,3226,0,0,11
1950,2386,3058,0,0,7
1951,2388,3212,0,0,0
1952,2389,3638,0,0,12
1953,2390,2424,1,0,7
1954,2392,2607,1,1,14
1955,2394,2730,1,1,7
1956,1866,2395,1,1,8
1957,1898,2397,1,0,12
1958,2398,3171,0,0,12
1959,2400,3065,0,0,9
1960,2401,3447,0,0,6
1961,2265,2403,0,1,10
1962,2405,3187,0,0,9
1963,407,2406,0,0,11
1964,1964,2407,0,0,12
1965,2409,3526,0,0,9
1966,2410,2772,1,1,10
1967,2411,2464,0,0,15
1968,2413,3642,0,0,11
1969,1587,2415,0,0,9
1970,2416,3837,0,1,12
1971,2417,2468,0,1,8
1972,2418,3745,0,0,8
1973,2419,3442,0,1,9
1974,934,2421,0,1,15
1975,1971,2422,1,1,8
1976,2425,3479,0,0,11
1977,2369,2426,0,0,6
1978,2428,2907,0,0,12
1979,2429,3170,0,1,9
1980,2430,3089,0,0,7
1981,2432,3587,1,0,9
1982,2134,2433,0,0,9
1983,2434,3385,1,0,9
1984,2436,3089,0,0,7
1985,1913,2437,0,0,20
1986,2419,2440,0,0,7
1987,1713,2441,1,0,10
1988,1977,2442,0,1,8
1989,2352,2443,1,0,11
1990,2022,2445,1,0,6
1991,2447,2658,1,0,12
1992,575,2449,0,1,11
1993,2450,2520,0,0,7
1994,2451,3714,0,0,0
1995,2452,3092,0,0,11
1996,2453,3534,0,0,10
1997,2454,3210,0,1,1
1998,2455,3644,0,1,8
1999,2456,3301,0,0,8
2000,861,2457,1,1,3
2001,2458,2772,0,1,9
2002,2459,2794,0,0,5
2003,31,2460,0,0,8
2004,2461,3337,0,0,6
2005,2462,3844,0,0,10
2006,703,2463,0,0,3
2007,2465,3166,0,0,7
2008,5,2466,0,0,5
2009,2467,3390,1,0,9
2010,2128,2469,0,1,11
2011,1134,2470,0,1,13
2012,2471,3237,0,0,5
2013,656,2473,0,0,7
2014,1978,2478,0,0,10
2015,2480,2615,0,0,2
2016,2382,2482,0,0,7
2017,2483,2931,0,0,10
2018,2484,3096,1,0,10
2019,2487,2633,0,0,13
2020,2488,2650,0,0,10
2021,1580,2489,0,0,9
2022,2490,2761,0,0,2
2023,2491,2860,0,0,3
2024,2492,3841,0,1,8
2025,2493,3523,0,0,9
2026,2494,3040,0,0,12
2027,2497,2947,0,0,6
2028,2498,3251,1,0,9
2029,2499,3086,1,0,11
2030,2500,2681,1,0,6
2031,171,2501,0,0,9
2032,2504,2813,0,1,13
2033,2506,3534,0,0,6
2034,1446,2507,0,0,4
2035,2508,3695,0,0,7
2036,1909,2509,0,0,8
2037,1938,2510,1,0,11
2038,2073,2511,0,1,5
2039,2513,2589,0,0,8
2040,1160,2514,0,0,9
2041,2515,2533,0,0,8
2042,2517,3616,1,0,5
2043,1324,2518,0,0,8
2044,2521,3052,0,0,9
2045,2522,2861,0,0,7
2046,2357,2523,0,0,5
2047,1049,2524,0,0,3
2048,2525,2794,0,0,11
2049,1442,2526,0,0,8
2050,2527,2863,0,0,8
2051,2529,3632,0,0,8
2052,1740,2532,0,0,6
2053,1594,2535,1,0,5
2054,2537,2734,0,1,7
2055,2538,2598,1,0,9
2056,1249,2539,0,0,7
2057,1860,2540,0,0,7
2058,2542,2843,0,0,9
2059,2076,2545,0,0,7
2060,784,2547,1,0,17
2061,893,2549,0,1,10
2062,2550,2984,0,0,7
2063,2552,3256,0,0,6
2064,2087,2553,0,0,7
2065,2554,3541,0,0,10
2066,575,2555,1,1,10
2067,784,2557,1,0,12
2068,2520,2558,0,1,9
2069,2559,3218,1,1,9
2070,2562,3439,0,0,6
2071,971,2564,0,0,11
2072,2565,3023,0,0,12
2073,2566,3645,0,0,5
2074,78,2567,1,0,9
2075,2568,3312,0,0,13
2076,1227,2569,0,0,9
2077,2570,3083,1,1,10
2078,2575,3478,0,0,10
2079,764,2576,0,0,0
2080,1693,2577,0,0,7
2081,1658,2579,0,0,11
2082,2580,3322,0,0,9
2083,2582,2884,0,0,11
2084,1807,2586,1,0,6
2085,1642,2589,1,0,9
2086,2590,2915,1,1,8
2087,850,2591,1,0,14
2088,2592,2843,0,0,5
2089,2593,3406,0,0,6
2090,2242,2594,0,0,6
2091,2595,2831,1,1,9
2092,764,2596,0,0,0
2093,2597,3817,1,0,6
2094,912,2599,0,0,9
2095,2600,2887,1,0,13
2096,2603,3101,0,1,8
2097,2604,3226,0,1,10
2098,1370,2605,0,0,11
2099,111,2606,0,0,5
2100,2307,2608,0,0,4
2101,2609,2905,0,0,10
2102,2611,3099,0,1,14
2103,2612,3232,0,1,4
2104,2189,2613,0,0,7
2105,37,2614,0,0,6
2106,2616,3237,0,0,10
2107,2617,3586,0,0,1
2108,1069,2618,0,1,10
2109,1608,2620,1,1,2
2110,2621,3771,0,0,7
2111,2622,2914,0,1,13
2112,2235,2623,0,0,8
2113,2624,2709,0,0,9
2114,2625,2761,0,0,5
2115,2626,3293,0,1,9
2116,2358,2628,0,0,1
2117,1788,2629,0,0,11
2118,2630,2709,0,0,4
2119,1772,2631,0,1,11
2120,2632,3103,0,1,13
2121,5,2634,0,0,1
2122,2635,3299,0,0,8
2123,2636,3198,0,1,8
2124,2638,3625,1,0,7
2125,2639,2783,1,0,13
2126,445,2640,0,0,2
2127,2641,3794,0,1,5
2128,2642,3343,0,0,9
2129,2643,2831,0,1,7
2130,2119,2644,0,0,9
2131,2645,3558,1,0,10
2132,931,2646,0,0,2
2133,1206,2647,1,1,12
2134,2419,2648,0,1,10
2135,2262,2650,0,0,9
2136,2651,2846,1,0,12
2137,343,2652,0,0,13
2138,1300,2653,0,0,17
2139,1828,2654,1,0,9
2140,2655,2720,0,0,8
2141,2656,3636,0,0,10
2142,2096,2657,0,1,6
2143,2658,3390,0,0,6
2144,1788,2659,0,0,8
2145,2660,2809,0,0,3
2146,15,2661,1,0,12
2147,2662,3331,0,0,10
2148,2663,3841,0,1,9
2149,393,2664,0,0,0
2150,2665,3675,0,1,5
2151,2666,3030,1,0,3
2152,1969,2667,0,1,8
2153,2668,2721,1,0,10
2154,900,2669,0,0,9
2155,1335,2672,0,0,9
2156,532,2673,0,1,10
2157,2676,3349,1,1,9
2158,2677,2901,1,0,6
2159,2678,3017,1,0,10
2160,2679,2816,0,1,8
2161,2197,2680,0,0,5
2162,2683,3340,0,0,14
2163,2684,3021,0,0,10
2164,2685,3341,1,0,7
2165,2686,3422,0,0,8
2166,2689,3718,0,1,2
2167,2602,2690,1,0,9
2168,2691,3530,1,1,8
2169,2333,2692,0,0,9
2170,32,2693,0,0,9
2171,1316,2696,0,0,9
2172,2697,3232,1,1,8
2173,2698,3074,1,0,9
2174,2699,2980,1,0,10
2175,2700,2979,0,1,11
2176,2701,3212,0,0,0
2177,1724,2702,0,0,11
2178,2703,2938,0,0,7
2179,2704,3487,0,0,9
2180,1970,2705,0,0,10
2181,2707,3686,1,1,14
2182,2708,3333,0,1,11
2183,2710,2792,0,0,6
2184,2713,3314,0,0,10
2185,186,2716,1,0,2
2186,1955,2721,0,0,10
2187,2708,2722,1,0,9
2188,101,2723,0,1,9
2189,2142,2724,0,1,8
2190,2725,3707,0,1,5
2191,433,2726,0,0,6
2192,2727,3269,0,1,8
2193,2728,3361,1,0,8
2194,1148,2730,0,0,10
2195,2269,2731,0,0,11
2196,2733,3755,1,0,9
2197,964,2736,0,0,9
2198,2737,3803,0,0,7
2199,2738,3263,0,1,11
2200,1776,2740,1,0,14
2201,2741,3731,0,0,5
2202,682,2744,0,0,5
2203,2698,2745,1,0,8
2204,2746,3403,0,0,9
2205,2747,2793,0,0,4
2206,2748,3300,0,1,4
2207,2749,3461,0,0,7
2208,1514,2750,0,0,8
2209,1417,2751,0,1,8
2210,2753,2901,1,0,3
2211,2203,2754,0,0,13
2212,354,2756,0,0,9
2213,237,2757,1,0,5
2214,2758,2833,0,0,7
2215,2759,2967,0,0,13
2216,1896,2762,1,0,11
2217,2764,3706,1,0,6
2218,2766,3054,0,0,6
2219,2767,2779,0,1,9
2220,2768,3566,1,0,12
2221,2769,3660,1,0,16
2222,2770,3336,0,0,8
2223,2771,2908,0,1,7
2224,2774,3152,1,0,12
2225,2217,2775,1,1,17
2226,2777,3251,0,0,10
2227,2779,3583,1,0,11
2228,2062,2780,0,0,12
2229,1965,2781,0,0,7
2230,1838,2784,0,1,1
2231,2186,2785,0,1,11
2232,1845,2786,0,0,5
2233,2425,2788,0,0,13
2234,2790,3075,0,0,8
2235,2791,3268,0,0,14
2236,1720,2795,0,0,6
2237,2792,2796,0,1,6
2238,1863,2798,0,0,9
2239,2270,2799,0,0,4
2240,2800,2947,0,0,6
2241,2560,2801,0,0,4
2242,2803,3107,0,1,6
2243,2804,2918,0,0,7
2244,2490,2806,1,0,2
2245,2707,2807,0,0,7
2246,2808,2922,0,0,5
2247,2415,2810,0,0,7
2248,2812,3299,0,0,14
2249,959,2813,0,1,8
2250,154,2814,0,0,2
2251,2817,3072,0,0,2
2252,2818,3262,1,0,6
2253,2819,3211,0,0,8
2254,2820,2845,0,0,8
2255,2822,3440,0,0,11
2256,2823,3217,1,0,13
2257,2046,2826,0,0,2
2258,2827,3271,0,1,8
2259,543,2829,0,0,7
2260,2830,3736,1,0,0
2261,1892,2833,1,0,13
2262,2401,2837,0,0,4
2263,2838,3731,0,0,0
2264,386,2839,0,0,12
2265,1163,2844,1,1,9
2266,2846,2947,0,0,13
2267,1859,2847,1,1,8
2268,2428,2850,0,0,11
2269,2852,3000,0,0,9
2270,1545,2853,1,1,9
2271,2550,2855,0,0,10
2272,2856,3809,1,0,14
2273,2656,2857,0,0,0
2274,2858,2889,0,0,7
2275,2859,3820,1,0,9
2276,2862,2932,1,1,10
2277,2837,2864,0,0,10
2278,1738,2865,1,0,7
2279,2740,2867,0,0,17
2280,2282,2870,0,0,12
2281,2871,3389,0,0,11
2282,2872,3295,1,0,8
2283,2136,2873,0,0,11
2284,2874,2884,0,0,10
2285,2877,2930,1,0,8
2286,2880,2903,0,0,10
2287,1714,2881,0,0,14
2288,55,2883,1,0,8
2289,1948,2886,1,1,10
2290,2889,3217,0,0,13
2291,2890,3239,0,0,7
2292,1630,2893,0,0,10
2293,1590,2894,0,0,11
2294,145,2895,0,0,9
2295,1311,2896,0,1,11
2296,58,2897,0,1,6
2297,2898,3019,0,0,10
2298,1740,2899,0,0,4
2299,1575,2900,0,0,0
2300,2902,3241,0,0,1
2301,2129,2903,0,0,11
2302,670,2904,0,0,13
2303,2905,3005,0,0,10
2304,2906,3089,0,0,7
2305,2909,2980,0,0,10
2306,782,2910,0,0,9
2307,1252,2911,1,0,8
2308,2912,3039,0,0,7
2309,2913,3327,1,0,6
2310,2914,3673,0,0,6
2311,2214,2916,1,0,9
2312,2918,3023,0,0,13
2313,20,2920,1,0,7
2314,2921,3235,0,1,0
2315,206,2923,1,1,15
2316,2925,3537,0,0,6
2317,2926,3245,1,0,0
2318,2831,2927,1,0,6
2319,2928,2959,0,0,5
2320,2930,3319,0,1,8
2321,2933,3437,0,0,7
2322,2891,2935,1,0,9
2323,2937,3581,0,0,10
2324,2939,3043,0,1,7
2325,2940,3213,0,0,11
2326,2943,3169,0,0,10
2327,1955,2944,0,0,14
2328,417,2945,0,0,11
2329,2949,3785,0,0,4
2330,808,2954,0,0,9
2331,2956,3318,0,1,8
2332,235,2957,1,0,9
2333,1886,2960,0,1,5
2334,2963,3403,0,0,7
2335,2964,3551,0,0,9
2336,2619,2965,0,0,2
2337,2971,3434,0,0,10
2338,2973,3388,0,0,7
2339,2974,3199,0,0,8
2340,575,2978,0,0,8
2341,2525,2980,0,0,7
2342,2416,2981,0,0,10
2343,2985,3734,1,1,9
2344,2283,2986,0,0,9
2345,1214,2987,0,0,9
2346,2910,2988,0,1,11
2347,2989,3105,1,0,6
2348,1256,2990,0,0,9
2349,2424,2991,0,0,10
2350,2992,3085,1,1,10
2351,1431,2993,0,1,12
2352,2994,3311,0,1,7
2353,1686,2995,0,0,3
2354,1900,2996,0,0,10
2355,2997,3706,0,0,10
2356,2998,3688,1,0,3
2357,2384,2999,0,0,11
2358,468,3002,0,0,7
2359,441,3003,1,1,11
2360,3004,3778,0,1,5
2361,565,3005,1,1,7
2362,3006,3387,0,0,6
2363,2046,3010,0,0,13
2364,3011,3405,1,0,6
2365,1609,3012,0,1,8
2366,3014,3589,1,0,7
2367,2977,3015,0,0,10
2368,3017,3858,0,1,4
2369,3018,3040,0,0,7
2370,3020,3763,0,0,8
2371,1845,3021,0,0,5
2372,874,3022,0,0,13
2373,3024,3747,0,0,8
2374,1582,3025,0,0,11
2375,3026,3777,0,0,7
2376,451,3027,0,1,14
2377,2208,3030,1,1,2
2378,3031,3399,0,0,7
2379,738,3032,0,0,7
2380,2022,3033,0,0,9
2381,1746,3034,0,0,10
2382,3035,3177,0,1,10
2383,2346,3036,0,0,4
2384,910,3038,1,0,11
2385,3039,3545,0,1,9
2386,226,3041,0,1,5
2387,2563,3045,0,0,11
2388,2001,3046,0,0,9
2389,3047,3197,0,0,14
2390,3048,3424,0,0,10
2391,2455,3049,0,1,14
2392,3053,3106,1,0,10
2393,3054,3055,1,1,13
2394,3056,3651,0,0,9
2395,1954,3057,0,0,2
2396,4,3058,0,0,12
2397,3062,3366,1,0,11
2398,355,3063,0,0,8
2399,3066,3203,0,0,9
2400,317,3067,0,0,10
2401,3068,3549,0,0,9
2402,2694,3070,0,0,9
2403,944,3073,0,0,9
2404,3078,3342,0,0,10
2405,2860,3084,0,1,8
2406,3090,3559,1,0,9
2407,1865,3091,0,0,9
2408,2503,3093,0,0,6
2409,2457,3094,1,0,8
2410,1354,3095,0,0,6
2411,3096,3718,0,1,2
2412,3097,3812,0,1,9
2413,1510,3098,0,0,9
2414,2033,3102,0,0,13
2415,3104,3727,0,0,6
2416,3023,3106,0,0,13
2417,2230,3107,0,0,8
2418,3108,3628,0,0,12
2419,1656,3109,0,0,3
2420,2155,3110,0,0,8
2421,3112,3323,0,0,7
2422,3113,3840,1,0,9
2423,2524,3114,0,1,2
2424,3115,3178,0,1,8
2425,3116,3843,0,1,4
2426,2739,3118,0,1,8
2427,2865,3121,0,0,16
2428,3122,3195,0,0,8
2429,2131,3123,0,0,5
2430,3124,3313,0,0,8
2431,3125,3814,0,1,7
2432,2251,3127,0,0,7
2433,3130,3342,0,0,12
2434,1013,3131,0,0,12
2435,3132,3369,0,1,8
2436,851,3133,0,0,8
2437,3134,3416,0,0,9
2438,3135,3486,0,0,6
2439,1727,3137,0,0,16
2440,3138,3369,0,1,12
2441,328,3139,0,0,11
2442,1431,3141,0,1,10
2443,199,3142,0,1,11
2444,2010,3145,0,0,9
2445,1736,3146,0,0,13
2446,386,3148,0,1,10
2447,5,3149,0,0,3
2448,3151,3734,0,0,12
2449,1859,3153,0,0,6
2450,3157,3726,0,0,7
2451,1712,3158,0,0,1
2452,3159,3390,1,0,5
2453,2378,3161,0,0,4
2454,697,3164,0,0,10
2455,2532,3174,0,0,8
2456,3175,3438,0,0,6
2457,2719,3176,1,1,12
2458,3052,3178,0,0,13
2459,2529,3179,0,0,11
2460,1679,3180,1,0,7
2461,3182,3653,0,0,11
2462,2643,3184,0,0,13
2463,1239,3185,0,0,10
2464,3186,3426,1,1,8
2465,1845,3188,0,0,7
2466,2660,3189,0,0,5
2467,3190,3559,0,0,5
2468,3191,3629,1,1,8
2469,1962,3192,1,1,0
2470,2465,3193,1,1,14
2471,3194,3334,0,1,5
2472,3065,3198,0,1,6
2473,3199,3359,1,1,7
2474,1746,3202,0,0,8
2475,3204,3286,0,0,1
2476,3205,3372,0,0,9
2477,3208,3575,1,0,12
2478,3209,3827,0,0,9
2479,1037,3210,0,0,1
2480,3212,3639,0,0,0
2481,3214,3776,1,0,11
2482,3215,3625,0,0,7
2483,880,3216,0,1,10
2484,2903,3219,0,0,7
2485,2933,3221,0,0,7
2486,2959,3222,0,1,9
2487,3224,3588,0,0,8
2488,3226,3807,0,0,8
2489,3227,3250,0,0,8
2490,55,3228,1,0,4
2491,15,3230,1,0,8
2492,390,3233,0,0,9
2493,3234,3269,0,1,9
2494,3236,3591,0,0,1
2495,2846,3238,0,1,11
2496,3239,3476,0,0,4
2497,11,3241,0,0,4
2498,2808,3242,0,0,13
2499,656,3243,0,0,6
2500,656,3244,0,0,9
2501,2244,3246,0,0,13
2502,961,3248,1,0,7
2503,3253,3715,0,0,7
2504,3254,3445,0,0,4
2505,2081,3255,0,0,9
2506,2249,3256,0,0,5
2507,1343,3257,0,1,10
2508,2807,3258,0,1,8
2509,289,3259,1,1,13
2510,3261,3852,0,1,9
2511,2955,3263,1,1,9
2512,2848,3264,1,0,5
2513,2953,3266,0,0,7
2514,3267,3761,0,0,7
2515,2965,3270,0,0,2
2516,3272,3384,0,1,8
2517,3195,3273,0,0,11
2518,3275,3469,0,0,9
2519,3276,3316,0,0,13
2520,1830,3277,0,0,10
2521,3278,3420,0,0,7
2522,3279,3476,0,0,7
2523,2737,3281,0,1,7
2524,3284,3631,1,0,10
2525,3153,3285,0,0,9
2526,885,3288,0,0,3
2527,2926,3290,0,1,10
2528,3291,3532,0,0,7
2529,360,3297,0,0,9
2530,3298,3544,0,1,6
2531,5,3299,0,0,2
2532,3186,3302,0,0,10
2533,1315,3305,0,0,8
2534,3306,3503,1,1,0
2535,1820,3307,0,1,9
2536,173,3309,1,0,10
2537,1,3311,0,1,10
2538,3312,3529,0,0,9
2539,894,3313,0,0,13
2540,2215,3315,1,1,15
2541,3316,3320,0,1,7
2542,2520,3317,0,0,5
2543,2492,3320,1,1,10
2544,2343,3326,0,0,5
2545,893,3329,0,0,7
2546,2230,3332,0,0,6
2547,3335,3402,0,1,9
2548,1779,3338,1,0,10
2549,3339,3407,0,0,12
2550,72,3341,0,0,10
2551,3343,3556,1,0,6
2552,3344,3645,1,0,5
2553,3165,3345,0,0,8
2554,1873,3346,1,1,4
2555,398,3347,0,0,1
2556,2733,3350,0,0,2
2557,3352,3478,0,0,13
2558,3353,3847,0,0,3
2559,925,3354,0,1,13
2560,3355,3491,0,1,8
2561,3192,3357,1,1,1
2562,2520,3358,0,0,6
2563,3359,3815,0,0,5
2564,774,3360,0,1,0
2565,594,3363,0,0,9
2566,2711,3368,1,0,9
2567,3373,3860,0,0,8
2568,1316,3377,0,0,8
2569,1195,3378,0,0,3
2570,3379,3451,0,0,5
2571,748,3380,0,0,10
2572,2613,3381,0,0,8
2573,1271,3385,1,0,9
2574,3387,3570,0,0,11
2575,2570,3392,1,0,8
2576,1671,3393,0,0,7
2577,1366,3395,0,0,11
2578,3396,3429,1,0,8
2579,3397,3474,0,0,7
2580,2462,3401,0,0,13
2581,2823,3402,0,0,12
2582,3403,3411,0,0,14
2583,118,3404,1,0,11
2584,3407,3772,0,1,0
2585,3408,3462,0,0,5
2586,16,3409,0,0,12
2587,1853,3410,0,0,10
2588,3414,3535,1,0,12
2589,1458,3415,0,0,13
2590,1876,3421,0,0,7
2591,237,3423,0,0,7
2592,1373,3425,1,0,13
2593,2496,3429,0,0,8
2594,2895,3430,0,0,11
2595,3273,3432,0,1,7
2596,3434,3810,0,0,10
2597,3435,3554,0,0,8
2598,848,3436,0,0,9
2599,3171,3441,0,1,12
2600,448,3443,0,0,7
2601,1363,3446,0,0,12
2602,3449,3579,0,0,13
2603,3450,3746,0,1,8
2604,2509,3451,0,0,9
2605,3452,3494,0,0,5
2606,2481,3453,0,1,9
2607,3218,3454,0,0,8
2608,3455,3739,0,0,9
2609,1581,3456,0,0,7
2610,2531,3457,0,0,10
2611,3367,3458,0,0,6
2612,3459,3774,1,0,10
2613,1830,3461,1,1,10
2614,3465,3730,1,0,7
2615,3471,3714,0,0,0
2616,1422,3472,0,0,8
2617,449,3475,0,1,13
2618,3269,3480,1,0,7
2619,3482,3606,0,0,4
2620,3441,3483,1,0,11
2621,3012,3484,1,0,3
2622,2883,3485,0,0,10
2623,1326,3487,0,1,7
2624,2131,3488,0,0,6
2625,3489,3581,0,0,5
2626,1695,3490,1,0,11
2627,75,3491,0,0,5
2628,2153,3492,0,0,10
2629,2808,3493,0,0,13
2630,3496,3673,0,0,10
2631,2611,3497,0,0,9
2632,132,3499,0,0,11
2633,2861,3500,0,0,8
2634,808,3501,0,0,10
2635,1058,3505,0,0,6
2636,3506,3857,0,0,8
2637,2643,3507,0,0,5
2638,1824,3510,0,0,10
2639,1244,3511,0,1,13
2640,2527,3512,1,0,7
2641,1037,3513,0,0,10
2642,3514,3628,0,0,11
2643,285,3515,0,0,7
2644,3517,3692,0,0,14
2645,2242,3519,0,0,5
2646,3520,3575,1,0,10
2647,2431,3521,0,0,7
2648,1311,3522,0,0,13
2649,3524,3553,0,0,7
2650,2521,3525,0,0,7
2651,3092,3528,0,0,12
2652,2045,3531,1,1,14
2653,1363,3533,0,0,14
2654,1030,3536,0,0,6
2655,3537,3589,0,0,11
2656,2950,3539,0,0,11
2657,3397,3540,0,0,7
2658,3242,3542,0,1,6
2659,365,3543,0,0,3
2660,3154,3547,1,0,6
2661,2039,3549,1,1,11
2662,3435,3550,1,0,2
2663,3552,3797,0,0,10
2664,2024,3555,0,0,14
2665,2604,3557,0,0,11
2666,2517,3558,0,0,12
2667,512,3560,0,0,10
2668,1858,3565,0,0,10
2669,3568,3649,0,0,8
2670,684,3569,0,0,8
2671,31,3573,0,0,8
2672,3575,3799,0,0,9
2673,3578,3746,0,1,7
2674,3257,3579,0,0,8
2675,2496,3580,1,0,6
2676,2116,3584,0,0,9
2677,2998,3585,1,0,8
2678,2954,3586,0,0,3
2679,1603,3587,1,0,10
2680,1964,3588,0,0,7
2681,145,3590,0,0,7
2682,3418,3591,0,0,1
2683,3592,3631,1,0,11
2684,763,3593,0,0,6
2685,1251,3594,0,1,4
2686,3595,3703,0,0,5
2687,3596,3833,1,0,10
2688,2509,3597,0,0,8
2689,2144,3598,0,0,8
2690,816,3599,0,0,7
2691,3229,3600,0,0,9
2692,541,3601,0,0,11
2693,276,3603,1,0,9
2694,1976,3605,0,0,7
2695,3606,3759,0,0,10
2696,1293,3607,0,0,11
2697,3609,3842,0,0,7
2698,1290,3610,1,1,9
2699,512,3613,0,0,8
2700,3244,3616,0,0,14
2701,1419,3618,0,0,9
2702,3619,3686,0,1,9
2703,2098,3622,1,1,7
2704,871,3624,0,0,9
2705,925,3627,1,0,10
2706,2540,3633,0,0,10
2707,183,3637,0,1,13
2708,3638,3854,0,1,7
2709,2026,3640,0,0,14
2710,2808,3641,0,0,4
2711,3526,3644,0,1,14
2712,3647,3659,1,0,13
2713,1789,3650,0,0,9
2714,880,3653,0,0,13
2715,3605,3655,0,0,11
2716,2945,3657,0,0,12
2717,3047,3658,0,1,8
2718,2663,3663,0,0,12
2719,3284,3665,0,1,11
2720,3667,3729,0,0,13
2721,3171,3670,0,0,0
2722,764,3676,0,0,0
2723,11,3677,0,1,5
2724,1613,3679,1,0,11
2725,2261,3680,0,0,11
2726,1052,3681,0,1,9
2727,665,3687,0,0,10
2728,3688,3845,0,1,9
2729,2621,3690,0,0,6
2730,1417,3691,0,0,2
2731,1270,3696,0,0,8
2732,2379,3697,0,0,7
2733,168,3698,0,0,8
2734,2300,3701,1,0,11
2735,1800,3703,0,0,6
2736,3359,3704,0,1,12
2737,3596,3709,1,1,8
2738,1292,3710,1,1,2
2739,2596,3711,0,0,9
2740,3592,3712,0,0,11
2741,3713,3843,0,0,3
2742,2684,3718,0,1,2
2743,3230,3719,0,0,12
2744,972,3720,0,0,0
2745,45,3723,0,0,16
2746,1867,3727,0,0,8
2747,3532,3730,0,0,13
2748,1596,3735,0,0,10
2749,213,3738,0,0,12
2750,29,3742,1,0,5
2751,887,3743,0,0,11
2752,1649,3747,0,0,5
2753,464,3749,1,0,12
2754,3340,3750,0,0,11
2755,2359,3751,0,0,8
2756,1885,3752,0,0,10
2757,3756,3811,0,1,2
2758,3757,3842,1,0,8
2759,3419,3758,0,0,7
2760,3760,3770,0,0,10
2761,3245,3761,0,0,1
2762,663,3762,1,0,11
2763,2448,3767,1,0,13
2764,3768,3842,0,0,11
2765,2140,3776,1,0,10
2766,1563,3779,0,0,4
2767,3782,3857,0,0,1
2768,1404,3784,0,1,13
2769,264,3786,1,0,9
2770,3787,3794,0,1,4
2771,2339,3788,0,1,10
2772,2043,3789,1,0,4
2773,3791,3834,0,0,10
2774,3567,3793,0,0,6
2775,3792,3796,0,0,4
2776,2296,3798,0,0,3
2777,3224,3800,0,0,6
2778,1579,3801,0,0,6
2779,2949,3805,0,0,8
2780,2017,3806,0,0,3
2781,3554,3808,0,0,9
2782,1343,3813,0,0,12
2783,3543,3818,0,0,1
2784,2517,3822,0,1,13
2785,2554,3823,0,0,11
2786,3183,3824,0,0,8
2787,2118,3825,0,0,3
2788,974,3826,0,0,3
2789,3521,3827,0,0,7
2790,1799,3831,1,0,11
2791,3506,3835,0,0,6
2792,3834,3836,0,0,6
2793,3713,3838,0,1,4
2794,3781,3839,0,0,1
2795,3376,3847,1,0,1
2796,493,3848,0,0,10
2797,145,3849,0,0,6
2798,2044,3851,1,0,11
2799,74,3853,0,0,0
2800,235,3854,1,1,4
2801,1395,3855,0,0,10
2802,974,3859,0,0,6
